{"train": {"1": 0.843251843572163, "2": 0.8595834042505072, "3": 0.8437009469877124, "4": 0.8413342904857398, "5": 0.8577908595921062}, "validation": {"1": 0.7936063499465218, "2": 0.7944460280143704, "3": 0.7966549078515943, "4": 0.7988791256462318, "5": 0.7971212059551751}}