{"train": {"1": 0.935313129293345, "2": 0.9051922878335773, "3": 0.8996543301560953, "4": 0.8952230627053399, "5": 0.8942673015636795}, "validation": {"1": 0.796127795591621, "2": 0.7951459585509193, "3": 0.7961473443667924, "4": 0.7990891482014009, "5": 0.7987654700201114}}