{"train": {"1": 0.9453283650050266, "2": 0.894801446342782, "3": 0.8890781729473844, "4": 0.9015240770193436, "5": 0.9039436220320551}, "validation": {"1": 0.7952251818015794, "2": 0.7932405366074307, "3": 0.7945014707662501, "4": 0.7988796905048443, "5": 0.7966394537951265}}