{"train": {"1": 0.8257343373834376, "2": 0.8321120423918924, "3": 0.8329289179888899, "4": 0.8281123235929237, "5": 0.8296008828834504}, "validation": {"1": 0.7916903406935925, "2": 0.7931377199244187, "3": 0.7954289928860707, "4": 0.7968946177369107, "5": 0.7965525303186343}}