{"train": {"1": 0.90665171414289, "2": 0.8803814728017981, "3": 0.8913691528492791, "4": 0.8812051088455949, "5": 0.8794748202999116}, "validation": {"1": 0.7957386919293572, "2": 0.7937147862450842, "3": 0.7953082912231317, "4": 0.7984266226543444, "5": 0.7971194139489404}}