iter	AmexMetric	Logloss
0	0.6967810153	0.6323769034
