iter	Logloss
0	0.6174563458
50	0.234090236
100	0.2247403016
